address_line1,address_city,address_state,address_country,address_postal_code
900 E FAYETTE ST RM 505,BALTIMORE,MD,UNITED STATES,21233
9201 EDGEWORTH DR,CAPITOL HEIGHTS,MD,UNITED STATES,20790
955 GOFFS FALLS RD STE 997,MANCHESTER,NH,UNITED STATES,03103
24 CORLISS ST REAR DOCK,PROVIDENCE,RI,UNITED STATES,02904
195 SYKES MOUNTAIN AVE,WHITE RIVER JUNCTION,VT,UNITED STATES,05001
16 PENOBSCOT MEADOW DR,HAMPDEN,ME,UNITED STATES,04444
16501 SHADY GROVE RD,GAITHERSBURG,MD,UNITED STATES,20898
24 RESEARCH PKWY,WALLINGFORD,CT,UNITED STATES,06492
29060 AIRPARK DR,EASTON,MD,UNITED STATES,21601
192 MAIN ST,SHREWSBURY,MA,UNITED STATES,01546
961 CORPORATE BLVD,LINTHICUM HEIGHTS,MD,UNITED STATES,21090
8 NEW ENGLAND DR STE 997,ESSEX JUNCTION,VT,UNITED STATES,05452
615 6TH AVE SE,CEDAR RAPIDS,IA,UNITED STATES,52401
1165 2ND AVE,DES MOINES,IA,UNITED STATES,50318
300 SYCAMORE ST,WATERLOO,IA,UNITED STATES,50701
6801 W 73RD ST,BEDFORD PARK,IL,UNITED STATES,60499
500 FULLERTON AVE,CAROL STREAM,IL,UNITED STATES,60199
2001 N MATTIS AVE,CHAMPAIGN,IL,UNITED STATES,61821
433 W HARRISON ST STE 3012A,CHICAGO,IL,UNITED STATES,60699
3900 GABRIELLE LN,FOX VALLEY,IL,UNITED STATES,60599
1300 E NORTHWEST HWY,PALATINE,IL,UNITED STATES,60095
95 STATE ST,PEORIA,IL,UNITED STATES,61601
7700 68TH ST,MILAN,IL,UNITED STATES,61264
5225 HARRISON AVE,ROCKFORD,IL,UNITED STATES,61125
2105 E COOK ST,SPRINGFIELD,IL,UNITED STATES,62703
475 KELL FARM DR,CAPE GIRARDEAU,MO,UNITED STATES,63701
11450 S AIRPORT DR,COLUMBIA,MO,UNITED STATES,65299
1720 MARKET ST RM 3025,SAINT LOUIS,MO,UNITED STATES,63155
500 W CHESTNUT EXPY,SPRINGFIELD,MO,UNITED STATES,65801
2220 E BISMARCK EXPY RM 212,BISMARCK,ND,UNITED STATES,58504
657 2ND AVE N RM 104,FARGO,ND,UNITED STATES,58102
2501 28TH AVE S,GRAND FORKS,ND,UNITED STATES,58201
700 R ST,LINCOLN,NE,UNITED STATES,68501
1100 S PINE INDUSTRIAL RD,NORFOLK,NE,UNITED STATES,68701
1302 INDUSTRIAL AVE,NORTH PLATTE,NE,UNITED STATES,69101
1124 PACIFIC ST RM 212,OMAHA,NE,UNITED STATES,68108
500 EAST BLVD,RAPID CITY,SD,UNITED STATES,57701
4801 N 4TH AVE,SIOUX FALLS,SD,UNITED STATES,57104
411 N FOREST DR,CASPER,WY,UNITED STATES,82609
4800 CONVERSE AVE,CHEYENNE,WY,UNITED STATES,82009
2829 COMMERCIAL WAY,ROCK SPRINGS,WY,UNITED STATES,82901
1700 CLEVELAND AVE,KANSAS CITY,MO,UNITED STATES,64121
355 15TH ST NW,HURON,SD,UNITED STATES,57399
1410 NW GAGE BLVD,TOPEKA,KS,UNITED STATES,66618
7117 W HARRY ST,WICHITA,KS,UNITED STATES,67276
2132 S 91ST EAST AVE,TULSA,OK,UNITED STATES,74141
1020 E OVERLAND TRL,ABILENE,TX,UNITED STATES,79601
2301 ROSS ST,AMARILLO,TX,UNITED STATES,79120
8225 CROSS PARK DR,AUSTIN,TX,UNITED STATES,78710
5815 WALDEN RD,BEAUMONT,TX,UNITED STATES,77707
951 W BETHEL RD,COPPELL,TX,UNITED STATES,75099
809 NUECES BAY BLVD,CORPUS CHRISTI,TX,UNITED STATES,78469
401 TOM LANDRY HWY,DALLAS,TX,UNITED STATES,75260
8401 BOEING DR,EL PASO,TX,UNITED STATES,79910
1515 CRICKETS AVE,LUBBOCK,TX,UNITED STATES,79402
800 S JOHN REDDITT DR,LUFKIN,TX,UNITED STATES,75904
620 E PECAN BLVD,MCALLEN,TX,UNITED STATES,78501
10000 LOOP 40,MIDLAND,TX,UNITED STATES,79711
4600 ALDINE BENDER RD RM 224,NORTH HOUSTON,TX,UNITED STATES,77315
430 W STATE HIGHWAY 6,WACO,TX,UNITED STATES,76702
10410 PERRIN BEITEL RD,SAN ANTONIO,TX,UNITED STATES,78284
4600 MARK IV PKWY,FORT WORTH,TX,UNITED STATES,76161
3900 CROWN RD SW,ATLANTA,GA,UNITED STATES,30304
525 8TH ST,AUGUSTA,GA,UNITED STATES,30901
451 COLLEGE ST,MACON,GA,UNITED STATES,31213
1605 BOGGS RD,DULUTH,GA,UNITED STATES,30096
200 INDUSTRIAL AVE,TETERBORO,NJ,UNITED STATES,07699
421 BENIGNO BLVD,BELLMAWR,NJ,UNITED STATES,08031
680 US HIGHWAY 130,TRENTON,NJ,UNITED STATES,08650
30 KARNER RD,ALBANY,NY,UNITED STATES,12288
1050 FORBELL ST RM 2005,BROOKLYN,NY,UNITED STATES,11256
1200 WILLIAM ST RM 201,BUFFALO,NY,UNITED STATES,14240
14202 20TH AVE RM 3166,FLUSHING,NY,UNITED STATES,11351
99 ENTERPRISE DR,NEWBURGH,NY,UNITED STATES,12555
1335 JEFFERSON RD,ROCHESTER,NY,UNITED STATES,14692
5640 E TAFT RD,SYRACUSE,NY,UNITED STATES,13220
830 STEWART AVE,GARDEN CITY,NY,UNITED STATES,11599
585 AVE FD ROOSEVELT STE 370,SAN JUAN,PR,UNITED STATES,00936
160 DURYEA RD,MELVILLE,NY,UNITED STATES,11747
341 9TH AVE RM 918,NEW YORK,NY,UNITED STATES,10199
1000 WESTCHESTER AVE,WHITE PLAINS,NY,UNITED STATES,10610
850 NEWARK TPKE,KEARNY,NJ,UNITED STATES,07099
141 WESTON ST,HARTFORD,CT,UNITED STATES,06101
427 WEST AVE,STAMFORD,CT,UNITED STATES,06910
900 BRENTWOOD RD NE,WASHINGTON,DC,UNITED STATES,20018
147 QUIGLEY BLVD,NEW CASTLE,DE,UNITED STATES,19720
25 DORCHESTER AVE RM 4025B,BOSTON,MA,UNITED STATES,02205
225 LIBERTY ST,BROCKTON,MA,UNITED STATES,02301
76 MAIN ST,NORTH READING,MA,UNITED STATES,01889
711 N GLENWOOD AVE,PONTIAC,MI,UNITED STATES,48340
1820 W POINTE DR STE A,CHARLOTTE,NC,UNITED STATES,28214
7100 PETERSBURG RD,EVANSVILLE,IN,UNITED STATES,47711
1501 S CLINTON ST,FORT WAYNE,IN,UNITED STATES,46802
1499 MARTIN LUTHER KING DR,GARY,IN,UNITED STATES,46401
125 W SOUTH ST,INDIANAPOLIS,IN,UNITED STATES,46206
4300 S COWAN RD,MUNCIE,IN,UNITED STATES,47302
424 S MICHIGAN ST,SOUTH BEND,IN,UNITED STATES,46601
5300 SCOTTSVILLE RD,BOWLING GREEN,KY,UNITED STATES,42104
175 MOUNTAIN PARKWAY SPUR RD,CAMPTON,KY,UNITED STATES,41301
1088 NANDINO BLVD,LEXINGTON,KY,UNITED STATES,40511
1420 GARDINER LN,LOUISVILLE,KY,UNITED STATES,40231
300 S 4TH ST,PADUCAH,KY,UNITED STATES,42003
141 PATCHWAY RD,DUNCANSVILLE,PA,UNITED STATES,16635
2108 E 38TH ST,ERIE,PA,UNITED STATES,16515
204 FAIRFOREST WAY,GREENVILLE,SC,UNITED STATES,29607
7500 LINDBERGH BLVD,PHILADELPHIA,PA,UNITED STATES,19176
1425 CROOKED HILL RD,HARRISBURG,PA,UNITED STATES,17107
235 JARI DR RM 109,JOHNSTOWN,PA,UNITED STATES,15904
1400 HARRISBURG PIKE,LANCASTER,PA,UNITED STATES,17604
17 S COMMERCE WAY,BETHLEHEM,PA,UNITED STATES,18017
1001 CALIFORNIA AVE RM 2057A,PITTSBURGH,PA,UNITED STATES,15290
2800 STAFFORD AVE,SCRANTON,PA,UNITED STATES,18505
1000 W VALLEY RD,SOUTHEASTERN,PA,UNITED STATES,19399
675 WOLF LEDGES PKWY RM 114,AKRON,OH,UNITED STATES,44309
2650 CLEVELAND AVE NW,CANTON,OH,UNITED STATES,44711
1591 DALTON AVE,CINCINNATI,OH,UNITED STATES,45234
2400 ORANGE AVE RM 30,CLEVELAND,OH,UNITED STATES,44101
2323 CITYGATE DR,COLUMBUS,OH,UNITED STATES,43218
1111 E 5TH ST,DAYTON,OH,UNITED STATES,45401
435 S SAINT CLAIR ST,TOLEDO,OH,UNITED STATES,43601
2001 DIXIANA RD,COLUMBIA,SC,UNITED STATES,29292
1901 W EVANS ST,FLORENCE,SC,UNITED STATES,29501
6050 SHALLOWFORD RD,CHATTANOOGA,TN,UNITED STATES,37421
200 DR MARTIN LUTHER KING JR DR,JACKSON,TN,UNITED STATES,38301
530 E MAIN ST,JOHNSON CITY,TN,UNITED STATES,37601
1237 E WEISGARBER RD,KNOXVILLE,TN,UNITED STATES,37950
555 S B B KING BLVD,MEMPHIS,TN,UNITED STATES,38101
525 ROYAL PKWY,NASHVILLE,TN,UNITED STATES,37229
301 E 3RD ST,FARMVILLE,VA,UNITED STATES,23901
600 CHURCH ST,NORFOLK,VA,UNITED STATES,23501
419 RUTHERFORD AVE NE,ROANOKE,VA,UNITED STATES,24022
1000 CENTRE WAY,SOUTH CHARLESTON,WV,UNITED STATES,25309
8409 LEE HWY,MERRIFIELD,VA,UNITED STATES,22081
99 S WALNUT ST RM 289,YOUNGSTOWN,OH,UNITED STATES,44501
7075 CROSS COUNTY RD,NORTH CHARLESTON,SC,UNITED STATES,29418
44715 PRENTICE DR,DULLES,VA,UNITED STATES,20166
351 24TH ST N RM 210,BIRMINGHAM,AL,UNITED STATES,35203
3408 WALL TRIANA HWY,HUNTSVILLE,AL,UNITED STATES,35813
4538 SHIPYARD RD,MOBILE,AL,UNITED STATES,36675
6701 WINTON BLOUNT BLVD,MONTGOMERY,AL,UNITED STATES,36119
1401 W FORT ST RM 1022,DETROIT,MI,UNITED STATES,48233
289 W COMMERCE BLVD,GAYLORD,MI,UNITED STATES,49735
225 MICHIGAN ST NW,GRAND RAPIDS,MI,UNITED STATES,49501
1500 N ELM AVE,JACKSON,MI,UNITED STATES,49202
3885 S 9TH ST,KALAMAZOO,MI,UNITED STATES,49009
4800 COLLINS RD,LANSING,MI,UNITED STATES,48924
1233 S WASHINGTON AVE,SAGINAW,MI,UNITED STATES,48601
1801 GARFIELD RD N,TRAVERSE CITY,MI,UNITED STATES,49696
2300 S CITY LAKE RD,FAYETTEVILLE,AR,UNITED STATES,72701
3405 MOORE RD,JONESBORO,AR,UNITED STATES,72401
4700 E MCCAIN BLVD,LITTLE ROCK,AR,UNITED STATES,72231
14080 JETPORT LOOP RM B-111,FORT MYERS,FL,UNITED STATES,33913
4600 SW 34TH ST,GAINESVILLE,FL,UNITED STATES,32608
1100 KINGS RD,JACKSONVILLE,FL,UNITED STATES,32203
850 TALLEVAST RD,SARASOTA,FL,UNITED STATES,34260
2200 NW 72ND AVE STE 200,MIAMI,FL,UNITED STATES,33152
800 RINEHART RD,MID FLORIDA,FL,UNITED STATES,32799
10401 POST OFFICE BLVD,ORLANDO,FL,UNITED STATES,32862
1400 W JORDAN ST,PENSACOLA,FL,UNITED STATES,32501
2800 S ADAMS ST,TALLAHASSEE,FL,UNITED STATES,32301
3501 BESSIE COLEMAN BLVD FL 2,TAMPA,FL,UNITED STATES,33630
3200 SUMMIT BLVD,WEST PALM BEACH,FL,UNITED STATES,33416
8101 BLUEBONNET BLVD,BATON ROUGE,LA,UNITED STATES,70810
1105 MOSS ST,LAFAYETTE,LA,UNITED STATES,70501
620 N 47TH AVE,PHOENIX,AZ,UNITED STATES,85043
10285 CORPORATE DR,GULFPORT,MS,UNITED STATES,39503
401 E SOUTH ST,JACKSON,MS,UNITED STATES,39201
591 BREVARD RD,ASHEVILLE,NC,UNITED STATES,28810
2901 SCOTT FUTRELL DR,CHARLOTTE,NC,UNITED STATES,28228
301 GREEN ST STE 200,FAYETTEVILLE,NC,UNITED STATES,28301
1120 PLEASANT RIDGE RD,GREENSBORO,NC,UNITED STATES,27498
1 FLORETTA PL,RALEIGH,NC,UNITED STATES,27676
327 E RALEIGH BLVD,ROCKY MOUNT,NC,UNITED STATES,27801
3510 HOGARTH ST,EAU CLAIRE,WI,UNITED STATES,54703
300 PACKERLAND DR,GREEN BAY,WI,UNITED STATES,54303
425 STATE ST,LA CROSSE,WI,UNITED STATES,54601
3902 MILWAUKEE ST,MADISON,WI,UNITED STATES,53714
345 W SAINT PAUL AVE,MILWAUKEE,WI,UNITED STATES,53203
1025 W 20TH AVE,OSHKOSH,WI,UNITED STATES,54903
400 CRESKE AVE,ROTHSCHILD,WI,UNITED STATES,54474
700 W BREITUNG AVE,KINGSFORD,MI,UNITED STATES,49802
79 POSTAL SERVICE WAY,SCARBOROUGH,ME,UNITED STATES,04074
701 LOYOLA AVE,NEW ORLEANS,LA,UNITED STATES,70113
2400 TEXAS AVE,SHREVEPORT,LA,UNITED STATES,71102
401 IRVINE AVE NW,BEMIDJI,MN,UNITED STATES,56601
2800 W MICHIGAN ST,DULUTH,MN,UNITED STATES,55806
851 SUMMIT AVE,MANKATO,MN,UNITED STATES,56001
100 S 1ST ST,MINNEAPOLIS,MN,UNITED STATES,55401
517 10TH AVE S,WAITE PARK,MN,UNITED STATES,56387
4141 POSTMARK DR,ANCHORAGE,AK,UNITED STATES,99530
5400 MAIL TRAIL RD,FAIRBANKS,AK,UNITED STATES,99709
9491 VINTAGE BLVD,JUNEAU,AK,UNITED STATES,99801
3609 TONGASS AVE,KETCHIKAN,AK,UNITED STATES,99901
4949 E VAN BUREN ST,PHOENIX,AZ,UNITED STATES,85026
1501 S CHERRYBELL STRA,TUCSON,AZ,UNITED STATES,85726
505 3RD ST,ALAMOSA,CO,UNITED STATES,81101
602 BURKEY ST,GRAND JUNCTION,CO,UNITED STATES,81505
310 D ST,SALIDA,CO,UNITED STATES,81201
3600 AOLELE ST RM 208E,HONOLULU,HI,UNITED STATES,96820
2201 S COLE RD,BOISE,ID,UNITED STATES,83708
841 S 26TH ST,BILLINGS,MT,UNITED STATES,59101
1409 14TH ST SW,GREAT FALLS,MT,UNITED STATES,59404
1100 W KENT AVE,MISSOULA,MT,UNITED STATES,59801
1135 BROADWAY BLVD NE,ALBUQUERQUE,NM,UNITED STATES,87101
497 W BRASHER RD,ROSWELL,NM,UNITED STATES,88203
3835 W OLD POTASH HWY,GRAND ISLAND,NE,UNITED STATES,68803
1900 E ST,FRESNO,CA,UNITED STATES,93706
2300 REDONDO AVE,SIGNAL HILL,CA,UNITED STATES,90755
1150 N MCDOWELL BLVD,PETALUMA,CA,UNITED STATES,94999
1675 7TH ST,OAKLAND,CA,UNITED STATES,94615
2323 CHURN CREEK RD,REDDING,CA,UNITED STATES,96002
3775 INDUSTRIAL BLVD,WEST SACRAMENTO,CA,UNITED STATES,95799
1900 W REDLANDS BLVD,SAN BERNARDINO,CA,UNITED STATES,92403
11251 RANCHO CARMEL DR,SAN DIEGO,CA,UNITED STATES,92199
1300 EVANS AVE STE 300P,SAN FRANCISCO,CA,UNITED STATES,94188
1750 LUNDY AVE,SAN JOSE,CA,UNITED STATES,95101
3101 W SUNFLOWER AVE,SANTA ANA,CA,UNITED STATES,92799
28201 FRANKLIN PKWY,SANTA CLARITA,CA,UNITED STATES,91383
400 STORKE RD,GOLETA,CA,UNITED STATES,93199
7001 S CENTRAL AVE,LOS ANGELES,CA,UNITED STATES,90052
15421 E GALE AVE,CITY OF INDUSTRY,CA,UNITED STATES,91715
5335 E LA PALMA AVE,ANAHEIM,CA,UNITED STATES,92899
1507 N DATE ST,TRUTH OR CONSEQUENCES,NM,UNITED STATES,87901
220 S 1ST ST,TUCUMCARI,NM,UNITED STATES,88401
500 ASPEN WAY,ELKO,NV,UNITED STATES,89801
1001 E SUNSET RD RM 1054,LAS VEGAS,NV,UNITED STATES,89199
2000 VASSAR ST,RENO,NV,UNITED STATES,89510
2300 NE 4TH ST,BEND,OR,UNITED STATES,97701
3148 GATEWAY ST,SPRINGFIELD,OR,UNITED STATES,97475
2195 SAGE RD,MEDFORD,OR,UNITED STATES,97501
104 SW DORION AVE,PENDLETON,OR,UNITED STATES,97801
715 NW HOYT ST,PORTLAND,OR,UNITED STATES,97208
1760 W 2100 S,SALT LAKE CITY,UT,UNITED STATES,84199
717 76TH AVE SW,TUMWATER,WA,UNITED STATES,98501
3500 W COURT ST,PASCO,WA,UNITED STATES,99301
10700 27TH AVE S,SEATTLE,WA,UNITED STATES,98168
2928 S SPOTTED RD,SPOKANE,WA,UNITED STATES,99224
4001 S PINE ST,TACOMA,WA,UNITED STATES,98413
3075 OHME RD,WENATCHEE,WA,UNITED STATES,98801
205 W WASHINGTON AVE,YAKIMA,WA,UNITED STATES,98903
7540 E 53RD PL,DENVER,CO,UNITED STATES,80266
3655 E FOUNTAIN BLVD,COLORADO SPRINGS,CO,UNITED STATES,80910
936 S 250 E,PROVO,UT,UNITED STATES,84606
489 ARMY DR,BARRIGADA,GU,UNITED STATES,96913
3400 PEGASUS DR,BAKERSFIELD,CA,UNITED STATES,93380
337 W CLARK ST,EUREKA,CA,UNITED STATES,95501
5801 TECHNOLOGY BLVD,SANDSTON,VA,UNITED STATES,23150
1224 W 21ST ST,CLOVIS,NM,UNITED STATES,88101
4025 W RENO AVE,OKLAHOMA CITY,OK,UNITED STATES,73125
3232 DENMARK AVE,SAINT PAUL,MN,UNITED STATES,55121
2800 LAKELAND HILLS BLVD,LAKELAND,FL,UNITED STATES,33805
800 RINEHART RD,MID FLORIDA,FL,UNITED STATES,32799
5433 W SLIGH AVE STE B,TAMPA,FL,UNITED STATES,33634
7007 NE CORNFOOT RD,PORTLAND,OR,UNITED STATES,97218